What's interesting in,place
What to do in ,place
place to visit in ,place
Where to go ,place
interesting place,place
good place in,place
where to eat in,eat
restaurant,eat
place to eat,eat
what to eat,eat
how's the weather,weather
what is the weather,weather
weather in,weather
How to go there,direction
show direction to get there,direction
where is this place,direction
direction to,direction
how to go to,direction
How's the place,review
is the place good,review
is the place bad,review
Review for,review
what is the review for,review
place to stay,stay
where to stay,stay
homestay near,stay
what is phone number for,phone
provide me phone number of,phone
may i know the telephone number for,phone
what is the operation hour of,operation
operation hour for,operation
what is the entrance fee for,fee
how much is the entrance fee,fee
how much need to pay to enter,fee

